,date,value2,value3,value4,value4/value2,value4/value3,value3/value2
0,2020/2/14,7,2,1,0.125,0.3333333333333333,0.25
1,2020/2/15,12,3,0,0.0,0.0,0.23076923076923078
2,2020/2/16,6,3,0,0.0,0.0,0.42857142857142855
3,2020/2/17,7,3,0,0.0,0.0,0.375
4,2020/2/18,7,6,0,0.0,0.0,0.75
5,2020/2/19,10,7,0,0.0,0.0,0.6363636363636364
6,2020/2/20,9,9,0,0.0,0.0,0.9
7,2020/2/21,11,10,0,0.0,0.0,0.8333333333333334
8,2020/2/22,27,11,0,0.0,0.0,0.39285714285714285
9,2020/2/23,12,13,0,0.0,0.0,1.0
10,2020/2/24,12,14,0,0.0,0.0,1.0769230769230769
11,2020/2/25,8,15,0,0.0,0.0,1.6666666666666667
12,2020/2/26,22,16,0,0.0,0.0,0.6956521739130435
13,2020/2/27,24,20,2,0.08,0.09523809523809523,0.8
14,2020/2/28,20,22,1,0.047619047619047616,0.043478260869565216,1.0476190476190477
15,2020/2/29,9,23,1,0.1,0.041666666666666664,2.3
16,2020/3/1,15,23,0,0.0,0.0,1.4375
17,2020/3/2,14,24,1,0.06666666666666667,0.04,1.6
18,2020/3/3,16,24,0,0.0,0.0,1.411764705882353
19,2020/3/4,33,27,0,0.0,0.0,0.7941176470588235
20,2020/3/5,31,30,0,0.0,0.0,0.9375
21,2020/3/6,59,28,0,0.0,0.0,0.4666666666666667
22,2020/3/7,47,33,0,0.0,0.0,0.6875
23,2020/3/8,33,33,0,0.0,0.0,0.9705882352941176
24,2020/3/9,26,31,1,0.037037037037037035,0.03125,1.1481481481481481
25,2020/3/10,54,26,2,0.03636363636363636,0.07407407407407407,0.4727272727272727
26,2020/3/11,52,29,3,0.05660377358490566,0.1,0.5471698113207547
27,2020/3/12,55,32,3,0.05357142857142857,0.09090909090909091,0.5714285714285714
28,2020/3/13,40,35,4,0.0975609756097561,0.1111111111111111,0.8536585365853658
29,2020/3/14,62,36,2,0.031746031746031744,0.05405405405405406,0.5714285714285714
30,2020/3/15,33,41,1,0.029411764705882353,0.023809523809523808,1.2058823529411764
31,2020/3/16,15,46,2,0.125,0.0425531914893617,2.875
32,2020/3/17,44,46,4,0.08888888888888889,0.0851063829787234,1.0222222222222221
33,2020/3/19,39,49,1,0.025,0.02,1.225
34,2020/3/20,36,50,2,0.05405405405405406,0.0392156862745098,1.3513513513513513
35,2020/3/21,53,55,2,0.037037037037037035,0.03571428571428571,1.0185185185185186
36,2020/3/22,34,57,2,0.05714285714285714,0.034482758620689655,1.6285714285714286
37,2020/3/23,42,54,1,0.023255813953488372,0.01818181818181818,1.255813953488372
38,2020/3/25,38,55,5,0.1282051282051282,0.08928571428571429,1.4102564102564104
39,2020/3/26,65,57,1,0.015151515151515152,0.017241379310344827,0.8636363636363636
40,2020/3/27,93,56,1,0.010638297872340425,0.017543859649122806,0.5957446808510638
41,2020/3/28,96,57,2,0.020618556701030927,0.034482758620689655,0.5876288659793815
42,2020/3/29,104,60,1,0.009523809523809525,0.01639344262295082,0.5714285714285714
43,2020/3/30,194,59,3,0.015384615384615385,0.05,0.30256410256410254
44,2020/3/31,185,59,3,0.016129032258064516,0.05,0.3172043010752688
45,2020/4/2,74,59,2,0.02666666666666667,0.03333333333333333,0.7866666666666666
46,2020/4/3,218,60,2,0.0091324200913242,0.03278688524590164,0.273972602739726
47,2020/4/4,224,62,1,0.0044444444444444444,0.015873015873015872,0.27555555555555555
48,2020/4/5,253,64,3,0.011811023622047244,0.046153846153846156,0.25196850393700787
49,2020/4/6,337,69,3,0.008875739644970414,0.04285714285714286,0.20414201183431951
50,2020/4/7,370,70,6,0.016172506738544475,0.08450704225352113,0.18867924528301888
51,2020/4/8,386,79,1,0.002583979328165375,0.0125,0.2041343669250646
52,2020/4/9,270,80,3,0.01107011070110701,0.037037037037037035,0.2952029520295203
53,2020/4/10,377,99,7,0.018518518518518517,0.07,0.2619047619047619
54,2020/4/11,550,109,1,0.0018148820326678765,0.00909090909090909,0.19782214156079855
55,2020/4/12,572,117,4,0.006980802792321117,0.03389830508474576,0.20418848167539266
56,2020/4/13,708,122,3,0.004231311706629055,0.024390243902439025,0.17207334273624825
57,2020/4/14,676,129,6,0.008862629246676515,0.046153846153846156,0.19054652880354506
58,2020/4/15,571,135,4,0.006993006993006993,0.029411764705882353,0.23601398601398602
59,2020/4/16,333,152,4,0.011976047904191617,0.026143790849673203,0.4550898203592814
60,2020/4/17,511,168,7,0.013671875,0.04142011834319527,0.328125
61,2020/4/18,511,193,10,0.01953125,0.05154639175257732,0.376953125
62,2020/4/19,596,207,17,0.02847571189279732,0.08173076923076923,0.34673366834170855
63,2020/4/20,575,211,12,0.020833333333333332,0.05660377358490566,0.3663194444444444
64,2020/4/21,590,217,6,0.01015228426395939,0.027522935779816515,0.36717428087986465
65,2020/4/22,372,231,7,0.01876675603217158,0.03017241379310345,0.6193029490616622
66,2020/4/23,365,232,10,0.0273224043715847,0.04291845493562232,0.6338797814207651
67,2020/4/24,374,241,15,0.04,0.06198347107438017,0.6426666666666667
68,2020/4/25,450,259,91,0.2017738359201774,0.35,0.5742793791574279
69,2020/4/26,445,263,10,0.02242152466367713,0.03787878787878788,0.5896860986547086
70,2020/4/27,451,287,30,0.06637168141592921,0.10416666666666667,0.6349557522123894
71,2020/4/28,374,296,17,0.04533333333333334,0.05723905723905724,0.7893333333333333
72,2020/4/29,221,300,14,0.06306306306306306,0.046511627906976744,1.3513513513513513
73,2020/4/30,189,305,3,0.015789473684210527,0.00980392156862745,1.605263157894737
74,2020/5/1,284,306,25,0.08771929824561403,0.08143322475570032,1.0736842105263158
75,2020/5/2,227,308,13,0.05701754385964912,0.042071197411003236,1.3508771929824561
76,2020/5/3,199,328,26,0.13,0.0790273556231003,1.64
77,2020/5/4,266,324,17,0.06367041198501873,0.052307692307692305,1.2134831460674158
78,2020/5/5,302,321,26,0.0858085808580858,0.08074534161490683,1.0594059405940595
79,2020/5/6,204,308,34,0.16585365853658537,0.11003236245954692,1.502439024390244
80,2020/5/7,177,309,18,0.10112359550561797,0.05806451612903226,1.7359550561797752
81,2020/5/8,120,308,11,0.09090909090909091,0.03559870550161812,2.5454545454545454
82,2020/5/9,106,300,22,0.205607476635514,0.07308970099667775,2.803738317757009
83,2020/5/10,96,287,8,0.08247422680412371,0.027777777777777776,2.9587628865979383
84,2020/5/11,89,266,49,0.5444444444444444,0.18352059925093633,2.9555555555555557
85,2020/5/12,108,267,13,0.11926605504587157,0.048507462686567165,2.44954128440367
86,2020/5/13,68,249,8,0.11594202898550725,0.032,3.608695652173913
87,2020/5/14,50,243,22,0.43137254901960786,0.09016393442622951,4.764705882352941
88,2020/5/15,80,259,25,0.30864197530864196,0.09615384615384616,3.197530864197531
89,2020/5/16,54,245,19,0.34545454545454546,0.07723577235772358,4.454545454545454
90,2020/5/17,100,237,23,0.22772277227722773,0.09663865546218488,2.3465346534653464
91,2020/5/18,52,232,15,0.2830188679245283,0.06437768240343347,4.377358490566038
92,2020/5/19,57,230,19,0.3275862068965517,0.08225108225108226,3.9655172413793105
93,2020/5/20,30,228,5,0.16129032258064516,0.021834061135371178,7.354838709677419
94,2020/5/21,30,213,14,0.45161290322580644,0.06542056074766354,6.870967741935484
95,2020/5/22,31,210,8,0.25,0.037914691943127965,6.5625
96,2020/5/23,38,195,6,0.15384615384615385,0.030612244897959183,5.0
97,2020/5/24,43,176,19,0.4318181818181818,0.10734463276836158,4.0
98,2020/5/25,31,174,12,0.375,0.06857142857142857,5.4375
99,2020/5/26,29,168,12,0.4,0.07100591715976332,5.6
100,2020/5/27,40,165,10,0.24390243902439024,0.060240963855421686,4.024390243902439
101,2020/5/28,20,155,16,0.7619047619047619,0.10256410256410256,7.380952380952381
102,2020/5/29,27,147,12,0.42857142857142855,0.08108108108108109,5.25
103,2020/5/30,37,136,9,0.23684210526315788,0.06569343065693431,3.5789473684210527
104,2020/5/31,61,131,7,0.11290322580645161,0.05303030303030303,2.1129032258064515
105,2020/6/1,64,123,12,0.18461538461538463,0.0967741935483871,1.8923076923076922
106,2020/6/2,46,119,5,0.10638297872340426,0.041666666666666664,2.5319148936170213
107,2020/6/3,32,115,1,0.030303030303030304,0.008620689655172414,3.484848484848485
108,2020/6/4,36,113,2,0.05405405405405406,0.017543859649122806,3.054054054054054
109,2020/6/5,51,101,6,0.11538461538461539,0.058823529411764705,1.9423076923076923
110,2020/6/6,26,102,3,0.1111111111111111,0.02912621359223301,3.7777777777777777
111,2020/6/7,45,98,4,0.08695652173913043,0.04040404040404041,2.130434782608696
112,2020/6/8,41,99,7,0.16666666666666666,0.07,2.357142857142857
113,2020/6/9,45,98,2,0.043478260869565216,0.020202020202020204,2.130434782608696
114,2020/6/10,32,99,0,0.0,0.0,3.0
115,2020/6/11,22,92,0,0.0,0.0,4.0
116,2020/6/12,30,91,3,0.0967741935483871,0.03260869565217391,2.935483870967742
117,2020/6/13,36,88,1,0.02702702702702703,0.011235955056179775,2.3783783783783785
118,2020/6/14,40,82,2,0.04878048780487805,0.024096385542168676,2.0
119,2020/6/15,57,76,2,0.034482758620689655,0.025974025974025976,1.3103448275862069
120,2020/6/16,43,73,1,0.022727272727272728,0.013513513513513514,1.6590909090909092
121,2020/6/17,62,71,0,0.0,0.0,1.126984126984127
122,2020/6/18,60,80,2,0.03278688524590164,0.024691358024691357,1.3114754098360655
123,2020/6/19,42,70,4,0.09302325581395349,0.056338028169014086,1.627906976744186
124,2020/6/20,43,62,4,0.09090909090909091,0.06349206349206349,1.4090909090909092
125,2020/6/21,68,62,0,0.0,0.0,0.8985507246376812
126,2020/6/22,54,61,17,0.3090909090909091,0.27419354838709675,1.1090909090909091
127,2020/6/23,65,59,1,0.015151515151515152,0.016666666666666666,0.8939393939393939
128,2020/6/24,49,59,0,0.0,0.0,1.18
129,2020/6/25,40,62,2,0.04878048780487805,0.031746031746031744,1.5121951219512195
130,2020/6/26,53,60,8,0.14814814814814814,0.13114754098360656,1.1111111111111112
131,2020/6/27,89,58,4,0.044444444444444446,0.06779661016949153,0.6444444444444445
132,2020/6/28,79,51,1,0.0125,0.019230769230769232,0.6375
133,2020/6/29,99,48,2,0.02,0.04081632653061224,0.48
134,2020/6/30,88,45,0,0.0,0.0,0.5056179775280899
135,2020/7/1,111,43,1,0.008928571428571428,0.022727272727272728,0.38392857142857145
136,2020/7/2,110,42,0,0.0,0.0,0.3783783783783784
137,2020/7/3,132,40,2,0.015037593984962405,0.04878048780487805,0.3007518796992481
138,2020/7/4,125,37,1,0.007936507936507936,0.02631578947368421,0.29365079365079366
139,2020/7/5,194,33,1,0.005128205128205128,0.029411764705882353,0.16923076923076924
140,2020/7/6,249,32,1,0.004,0.030303030303030304,0.128
141,2020/7/7,268,33,0,0.0,0.0,0.12267657992565056
142,2020/7/8,195,34,0,0.0,0.0,0.17346938775510204
143,2020/7/9,172,36,1,0.005780346820809248,0.02702702702702703,0.20809248554913296
144,2020/7/10,208,35,2,0.009569377990430622,0.05555555555555555,0.1674641148325359
145,2020/7/11,203,38,1,0.004901960784313725,0.02564102564102564,0.18627450980392157
146,2020/7/12,352,31,1,0.0028328611898017,0.03125,0.08781869688385269
147,2020/7/13,420,33,0,0.0,0.0,0.07838479809976247
148,2020/7/14,373,32,0,0.0,0.0,0.0855614973262032
149,2020/7/15,391,34,0,0.0,0.0,0.08673469387755102
150,2020/7/16,248,40,0,0.0,0.0,0.1606425702811245
151,2020/7/17,327,38,2,0.006097560975609756,0.05128205128205128,0.11585365853658537
152,2020/7/18,440,37,1,0.0022675736961451248,0.02631578947368421,0.08390022675736962
153,2020/7/19,619,39,0,0.0,0.0,0.06290322580645161
154,2020/7/20,588,41,0,0.0,0.0,0.06960950764006792
155,2020/7/21,655,43,0,0.0,0.0,0.06554878048780488
156,2020/7/22,501,47,0,0.0,0.0,0.09362549800796813
157,2020/7/23,407,52,3,0.007352941176470588,0.05660377358490566,0.12745098039215685
158,2020/7/24,618,55,1,0.0016155088852988692,0.017857142857142856,0.0888529886914378
159,2020/7/25,792,59,1,0.0012610340479192938,0.016666666666666666,0.07440100882723834
160,2020/7/26,966,68,2,0.002068252326783868,0.028985507246376812,0.0703205791106515
161,2020/7/27,766,64,1,0.001303780964797914,0.015384615384615385,0.08344198174706649
162,2020/7/28,798,66,3,0.0037546933667083854,0.04477611940298507,0.08260325406758448
163,2020/7/29,830,67,0,0.0,0.0,0.08062575210589651
164,2020/7/30,581,76,2,0.003436426116838488,0.025974025974025976,0.13058419243986255
165,2020/7/31,968,81,3,0.0030959752321981426,0.036585365853658534,0.08359133126934984
166,2020/8/1,1242,90,3,0.002413515687851971,0.03296703296703297,0.07240547063555913
167,2020/8/2,1297,87,2,0.0015408320493066256,0.022727272727272728,0.06702619414483821
168,2020/8/3,1574,80,5,0.0031746031746031746,0.06172839506172839,0.050793650793650794
169,2020/8/4,1535,83,0,0.0,0.0,0.054036458333333336
170,2020/8/5,1324,87,1,0.0007547169811320754,0.011363636363636364,0.06566037735849056
171,2020/8/6,937,88,4,0.0042643923240938165,0.0449438202247191,0.09381663113006397
172,2020/8/7,1234,104,6,0.004858299595141701,0.05714285714285714,0.08421052631578947
173,2020/8/8,1350,115,4,0.0029607698001480384,0.034482758620689655,0.0851221317542561
174,2020/8/9,1479,131,7,0.00472972972972973,0.05303030303030303,0.08851351351351351
175,2020/8/10,1595,140,6,0.0037593984962406013,0.0425531914893617,0.08771929824561403
176,2020/8/11,1523,156,1,0.0006561679790026247,0.006369426751592357,0.10236220472440945
177,2020/8/12,1486,162,7,0.004707464694014795,0.04294478527607362,0.1089441829186281
178,2020/8/13,836,171,5,0.005973715651135006,0.029069767441860465,0.20430107526881722
179,2020/8/14,693,177,7,0.010086455331412104,0.03932584269662921,0.25504322766570603
180,2020/8/15,969,203,4,0.004123711340206186,0.0196078431372549,0.20927835051546392
181,2020/8/16,1176,211,10,0.008496176720475786,0.04716981132075472,0.17926932880203908
182,2020/8/17,1356,229,12,0.008843036109064112,0.05217391304347826,0.16875460574797346
183,2020/8/18,1234,232,3,0.0024291497975708503,0.012875536480686695,0.18785425101214576
184,2020/8/19,1017,243,11,0.010805500982318271,0.045081967213114756,0.2387033398821218
185,2020/8/20,630,243,16,0.025356576862123614,0.06557377049180328,0.38510301109350237
186,2020/8/21,904,239,13,0.014364640883977901,0.05416666666666667,0.2640883977900553
187,2020/8/22,1080,237,16,0.014801110083256245,0.06722689075630252,0.21924144310823312
188,2020/8/23,1182,243,11,0.009298393913778529,0.045081967213114756,0.20540997464074387
189,2020/8/24,1036,243,14,0.013500482160077145,0.05737704918032787,0.2343297974927676
190,2020/8/25,985,254,7,0.007099391480730223,0.027450980392156862,0.25760649087221094
191,2020/8/26,739,259,5,0.006756756756756757,0.019230769230769232,0.35
192,2020/8/27,491,252,15,0.03048780487804878,0.05928853754940711,0.5121951219512195
193,2020/8/28,712,246,13,0.0182328190743338,0.05263157894736842,0.3450210378681627
194,2020/8/29,893,238,17,0.01901565995525727,0.07112970711297072,0.2662192393736018
195,2020/8/30,867,227,12,0.013824884792626729,0.05263157894736842,0.26152073732718895
196,2020/8/31,870,230,17,0.01951779563719862,0.0735930735930736,0.26406429391504016
197,2020/9/1,844,234,9,0.010650887573964497,0.03829787234042553,0.27692307692307694
198,2020/9/2,598,236,15,0.025041736227045076,0.06329113924050633,0.39398998330550916
199,2020/9/3,425,234,17,0.03990610328638498,0.07234042553191489,0.5492957746478874
200,2020/9/4,624,225,11,0.0176,0.048672566371681415,0.36
201,2020/9/5,589,218,12,0.020338983050847456,0.0547945205479452,0.3694915254237288
202,2020/9/6,656,214,11,0.0167427701674277,0.05116279069767442,0.3257229832572298
203,2020/9/7,583,210,19,0.032534246575342464,0.09004739336492891,0.3595890410958904
204,2020/9/8,598,211,8,0.01335559265442404,0.03773584905660377,0.35225375626043404
205,2020/9/9,447,209,6,0.013392857142857142,0.02857142857142857,0.46651785714285715
206,2020/9/10,288,202,14,0.04844290657439446,0.06896551724137931,0.698961937716263
207,2020/9/11,514,202,16,0.031067961165048542,0.07881773399014778,0.39223300970873787
208,2020/9/12,507,198,13,0.025590551181102362,0.06532663316582915,0.38976377952755903
209,2020/9/13,709,191,6,0.008450704225352112,0.03125,0.26901408450704223
210,2020/9/14,639,190,11,0.0171875,0.05759162303664921,0.296875
211,2020/9/15,641,180,16,0.024922118380062305,0.08839779005524862,0.2803738317757009
212,2020/9/16,439,185,3,0.006818181818181818,0.016129032258064516,0.42045454545454547
213,2020/9/17,265,174,9,0.03383458646616541,0.05142857142857143,0.6541353383458647
214,2020/9/18,531,178,10,0.018796992481203006,0.055865921787709494,0.33458646616541354
215,2020/9/19,543,167,12,0.022058823529411766,0.07142857142857142,0.3069852941176471
216,2020/9/20,480,170,9,0.018711018711018712,0.05263157894736842,0.35343035343035345
217,2020/9/21,569,161,13,0.02280701754385965,0.08024691358024691,0.2824561403508772
218,2020/9/22,597,159,5,0.008361204013377926,0.03125,0.26588628762541805
219,2020/9/23,469,163,0,0.0,0.0,0.3468085106382979
220,2020/9/24,307,164,8,0.025974025974025976,0.048484848484848485,0.5324675324675324
221,2020/9/25,322,165,4,0.01238390092879257,0.024096385542168676,0.5108359133126935
222,2020/9/26,216,166,8,0.03686635944700461,0.04790419161676647,0.7649769585253456
223,2020/9/27,477,163,12,0.02510460251046025,0.07317073170731707,0.3410041841004184
224,2020/9/28,570,156,8,0.014010507880910683,0.050955414012738856,0.2732049036777583
225,2020/9/29,638,160,5,0.00782472613458529,0.031055900621118012,0.25039123630672927
226,2020/9/30,478,159,3,0.006263048016701462,0.01875,0.33194154488517746
227,2020/10/1,294,161,9,0.030508474576271188,0.05555555555555555,0.5457627118644067
228,2020/10/2,531,151,7,0.013157894736842105,0.046052631578947366,0.28383458646616544
229,2020/10/3,570,151,7,0.012259194395796848,0.046052631578947366,0.26444833625218916
230,2020/10/4,623,145,7,0.011217948717948718,0.04794520547945205,0.23237179487179488
231,2020/10/5,537,137,12,0.022304832713754646,0.08695652173913043,0.25464684014869887
232,2020/10/6,564,133,7,0.012389380530973451,0.05223880597014925,0.23539823008849559
233,2020/10/7,395,131,2,0.005050505050505051,0.015151515151515152,0.33080808080808083
234,2020/10/8,271,140,3,0.011029411764705883,0.02127659574468085,0.5147058823529411
235,2020/10/9,497,141,3,0.006024096385542169,0.02112676056338028,0.28313253012048195
236,2020/10/10,505,143,8,0.015810276679841896,0.05555555555555555,0.2826086956521739
237,2020/10/11,622,141,3,0.004815409309791332,0.02112676056338028,0.22632423756019263
238,2020/10/12,594,147,8,0.013445378151260505,0.05405405405405406,0.24705882352941178
239,2020/10/13,669,145,3,0.004477611940298508,0.02054794520547945,0.21641791044776118
240,2020/10/14,432,146,2,0.004618937644341801,0.013605442176870748,0.3371824480369515
241,2020/10/15,273,148,5,0.01824817518248175,0.03355704697986577,0.5401459854014599
242,2020/10/16,494,150,4,0.00808080808080808,0.026490066225165563,0.30303030303030304
243,2020/10/17,549,146,8,0.014545454545454545,0.05442176870748299,0.26545454545454544
244,2020/10/18,703,148,4,0.005681818181818182,0.026845637583892617,0.21022727272727273
245,2020/10/19,635,148,11,0.01729559748427673,0.0738255033557047,0.23270440251572327
246,2020/10/20,579,145,9,0.015517241379310345,0.06164383561643835,0.25
247,2020/10/21,457,144,4,0.008733624454148471,0.027586206896551724,0.314410480349345
248,2020/10/22,315,143,2,0.006329113924050633,0.013888888888888888,0.4525316455696203
249,2020/10/23,477,150,3,0.006276150627615063,0.019867549668874173,0.3138075313807531
250,2020/10/24,616,150,6,0.009724473257698542,0.039735099337748346,0.24311183144246354
251,2020/10/25,610,151,9,0.014729950900163666,0.05921052631578947,0.24713584288052373
252,2020/10/26,745,155,12,0.0160857908847185,0.07692307692307693,0.20777479892761394
253,2020/10/27,718,159,5,0.006954102920723227,0.03125,0.2211404728789986
254,2020/10/28,488,162,7,0.014314928425357873,0.04294478527607362,0.3312883435582822
255,2020/10/29,401,165,7,0.017412935323383085,0.04216867469879518,0.41044776119402987
256,2020/10/30,649,166,5,0.007692307692307693,0.029940119760479042,0.2553846153846154
257,2020/10/31,724,161,3,0.004137931034482759,0.018518518518518517,0.22206896551724137
258,2020/11/1,804,156,11,0.013664596273291925,0.07006369426751592,0.1937888198757764
259,2020/11/2,769,161,11,0.014285714285714285,0.06790123456790123,0.20909090909090908
260,2020/11/3,868,160,11,0.012658227848101266,0.06832298136645963,0.18411967779056387
261,2020/11/4,606,163,8,0.013179571663920923,0.04878048780487805,0.2685337726523888
262,2020/11/5,482,163,6,0.012422360248447204,0.036585365853658534,0.33747412008281574
263,2020/11/6,868,165,6,0.006904487917146145,0.03614457831325301,0.189873417721519
264,2020/11/7,607,183,8,0.013157894736842105,0.043478260869565216,0.30098684210526316
265,2020/11/8,1049,189,12,0.011428571428571429,0.06315789473684211,0.18
266,2020/11/9,1137,194,3,0.0026362038664323375,0.015384615384615385,0.1704745166959578
267,2020/11/10,1302,196,3,0.0023023791250959325,0.015228426395939087,0.15042210283960092
268,2020/11/11,938,204,6,0.006389776357827476,0.02926829268292683,0.21725239616613418
269,2020/11/12,772,208,11,0.014230271668822769,0.05263157894736842,0.2690815006468305
270,2020/11/13,1278,204,12,0.009382329945269743,0.05853658536585366,0.1594996090695856
271,2020/11/14,1535,226,10,0.006510416666666667,0.04405286343612335,0.14713541666666666
272,2020/11/15,1623,231,16,0.009852216748768473,0.06896551724137931,0.14224137931034483
273,2020/11/16,1704,234,13,0.007624633431085044,0.05531914893617021,0.1372434017595308
274,2020/11/17,1723,243,3,0.0017401392111368909,0.012295081967213115,0.14095127610208816
275,2020/11/18,1423,251,2,0.0014044943820224719,0.007936507936507936,0.17626404494382023
276,2020/11/19,948,272,18,0.018967334035827187,0.06593406593406594,0.28661749209694415
277,2020/11/20,1686,276,10,0.005927682276229994,0.036101083032490974,0.16360403082394784
278,2020/11/21,2179,280,9,0.004128440366972477,0.03202846975088968,0.12844036697247707
279,2020/11/22,2383,291,21,0.008808724832214765,0.07191780821917808,0.12206375838926174
280,2020/11/23,2418,313,20,0.00826787928896238,0.06369426751592357,0.12939231087226127
281,2020/11/24,2508,323,11,0.00438421681944998,0.033950617283950615,0.1287365484256676
282,2020/11/25,2150,331,7,0.0032543003254300326,0.02108433734939759,0.15388191538819154
283,2020/11/26,1513,345,8,0.005284015852047556,0.023121387283236993,0.22787318361955086
284,2020/11/27,1217,376,12,0.009852216748768473,0.03183023872679045,0.30870279146141216
285,2020/11/28,1930,410,21,0.010875194199896427,0.051094890510948905,0.21232522009321594
286,2020/11/29,2499,435,29,0.0116,0.06651376146788991,0.174
287,2020/11/30,2510,440,23,0.009159697331740343,0.05215419501133787,0.1752289924332935
288,2020/12/1,2674,462,32,0.011962616822429906,0.06911447084233262,0.17271028037383176
289,2020/12/2,2041,472,13,0.006366307541625857,0.02748414376321353,0.23114593535749264
290,2020/12/3,1429,493,20,0.013986013986013986,0.04048582995951417,0.34475524475524477
291,2020/12/4,2019,488,33,0.016336633663366337,0.06748466257668712,0.24158415841584158
292,2020/12/5,2419,497,41,0.016942148760330577,0.0823293172690763,0.20537190082644627
293,2020/12/6,2507,505,27,0.01076555023923445,0.0533596837944664,0.20135566188197768
294,2020/12/7,2425,520,43,0.01772464962901896,0.08253358925143954,0.21434460016488047
295,2020/12/8,2497,519,32,0.012810248198558846,0.06153846153846154,0.2077662129703763
296,2020/12/9,1999,530,20,0.01,0.03766478342749529,0.265
297,2020/12/10,1502,536,47,0.03127079174983367,0.08752327746741155,0.35662009314703924
298,2020/12/11,2148,555,38,0.017682643089809214,0.0683453237410072,0.25825965565379244
299,2020/12/12,2802,543,45,0.016054227613271493,0.08272058823529412,0.1937210132001427
300,2020/12/13,2948,554,37,0.012546625974906748,0.06666666666666667,0.18786029162427942
301,2020/12/14,2781,578,32,0.011502516175413372,0.055267702936096716,0.20776419841840402
302,2020/12/15,3012,583,28,0.009293063391968137,0.04794520547945205,0.1934948556256223
303,2020/12/16,2373,588,23,0.009688289806234204,0.03904923599320883,0.2476832350463353
304,2020/12/17,1662,592,58,0.03487672880336741,0.09780775716694773,0.35598316295850874
305,2020/12/18,2402,618,45,0.018726591760299626,0.07269789983844911,0.2571785268414482
306,2020/12/19,2987,605,51,0.01706827309236948,0.08415841584158416,0.20247657295850066
307,2020/12/20,3208,609,44,0.013711436584605797,0.07213114754098361,0.18977874727329386
308,2020/12/21,2833,598,45,0.01587861679604799,0.07512520868113523,0.21100917431192662
309,2020/12/22,2972,593,45,0.015136226034308779,0.07575757575757576,0.1994618230743357
310,2020/12/23,2391,603,27,0.0112876254180602,0.04470198675496689,0.2520903010033445
311,2020/12/24,1776,620,44,0.024760832864378166,0.07085346215780998,0.3489026449071469
312,2020/12/25,2665,619,50,0.018754688672168042,0.08064516129032258,0.23218304576144036
313,2020/12/26,3258,644,56,0.01718318502608162,0.08682170542635659,0.19760662779993862
314,2020/12/27,3714,644,55,0.014804845222072678,0.08527131782945736,0.17335127860026917
315,2020/12/28,3813,654,50,0.013109596224436287,0.07633587786259542,0.17147351861562665
316,2020/12/29,3694,659,58,0.015696887686062245,0.08787878787878788,0.1783491204330176
317,2020/12/30,2939,661,39,0.013265306122448979,0.05891238670694864,0.2248299319727891
318,2020/12/31,2383,675,54,0.022651006711409395,0.07988165680473373,0.28313758389261745
319,2021/1/1,3595,668,43,0.011957730812013349,0.06427503736920777,0.185761957730812
320,2021/1/2,3845,681,65,0.01690067602704108,0.09530791788856305,0.17706708268330734
321,2021/1/3,4322,716,46,0.010640758732361786,0.06415620641562064,0.16562572287763128
322,2021/1/4,3106,711,54,0.017380109430318636,0.07584269662921349,0.22883810749919536
323,2021/1/5,3045,714,34,0.011162179908076166,0.04755244755244755,0.23440577806959947
324,2021/1/6,3127,731,51,0.016304347826086956,0.06967213114754098,0.23369565217391305
325,2021/1/7,3302,771,56,0.016954283984256736,0.07253886010362694,0.23342415985467757
326,2021/1/8,4885,784,64,0.013098649201801064,0.08152866242038216,0.16045845272206305
327,2021/1/9,5946,796,72,0.012106944677988903,0.0903387703889586,0.13384899949554396
328,2021/1/10,7537,826,66,0.008755638100291854,0.07980652962515115,0.10957813743698594
329,2021/1/11,7844,827,75,0.009560229445506692,0.09057971014492754,0.10541746335245379
330,2021/1/12,7278,852,64,0.008792416540733617,0.07502930832356389,0.11704904519851628
331,2021/1/13,6090,864,48,0.007880479395829913,0.055491329479768786,0.14184862912493842
332,2021/1/14,4851,881,50,0.010305028854080791,0.05668934240362812,0.18157460840890355
333,2021/1/15,4521,900,51,0.011278195488721804,0.05660377358490566,0.19902697921273774
334,2021/1/16,5841,920,88,0.015063334474495036,0.09554831704668838,0.15748031496062992
335,2021/1/17,6598,934,82,0.012426125170480376,0.0877005347593583,0.14153659645400818
336,2021/1/18,6741,965,65,0.009641056066449124,0.06728778467908902,0.14313260160189856
337,2021/1/19,6987,972,66,0.009444762449914138,0.06783144912641316,0.13909559244419004
338,2021/1/20,5751,973,55,0.009561891515994436,0.05646817248459959,0.16915855354659248
339,2021/1/21,4917,1001,47,0.00955673037820252,0.046906187624750496,0.2035380235868239
340,2021/1/22,5300,1014,99,0.01867572156196944,0.09753694581280788,0.19128466327108093
341,2021/1/23,5532,1014,96,0.0173504427977589,0.09458128078817735,0.1832640520513284
342,2021/1/24,5662,1011,87,0.015362881864736005,0.08596837944664032,0.1785272823591736
343,2021/1/25,4803,1009,105,0.021856786011656953,0.10396039603960396,0.21003330557868444
344,2021/1/26,4696,1007,84,0.01788375558867362,0.08333333333333333,0.21439216521183735
345,2021/1/27,3987,1017,65,0.01629889669007021,0.06385068762278978,0.25501504513540624
346,2021/1/28,2761,996,74,0.026792179580014484,0.07422266800401203,0.3606082548877625
347,2021/1/29,3849,1043,94,0.024415584415584415,0.09003831417624521,0.27090909090909093
348,2021/1/30,3965,1032,109,0.027483610690872417,0.10551790900290416,0.26021180030257185
349,2021/1/31,4123,1014,90,0.021823472356935016,0.08866995073891626,0.24587778855480116
350,2021/2/1,3536,974,94,0.026576194515125814,0.09641025641025641,0.27537461125247387
351,2021/2/2,3332,973,108,0.032403240324032405,0.11088295687885011,0.2919291929192919
352,2021/2/3,2672,975,68,0.02543958099513655,0.06967213114754098,0.36475869809203143
353,2021/2/4,1783,937,72,0.04035874439461883,0.0767590618336887,0.5252242152466368
354,2021/2/5,2329,897,118,0.050643776824034335,0.13140311804008908,0.3849785407725322
355,2021/2/6,2639,892,108,0.04090909090909091,0.12094064949608063,0.3378787878787879
356,2021/2/7,2573,877,115,0.04467754467754468,0.13097949886104784,0.3407148407148407
357,2021/2/8,2371,815,108,0.045531197301854974,0.1323529411764706,0.34359190556492414
358,2021/2/9,2274,795,95,0.041758241758241756,0.11934673366834171,0.34945054945054943
359,2021/2/10,1628,773,57,0.034990791896869246,0.07364341085271318,0.474524248004911
360,2021/2/11,1215,759,81,0.06661184210526316,0.10657894736842105,0.6241776315789473
361,2021/2/12,1569,736,81,0.05159235668789809,0.10990502035278155,0.46878980891719746
362,2021/2/13,1885,713,121,0.06415694591728525,0.16946778711484595,0.3780487804878049
363,2021/2/14,1691,701,96,0.05673758865248227,0.13675213675213677,0.41430260047281325
364,2021/2/15,1297,693,75,0.05778120184899846,0.10806916426512968,0.5338983050847458
365,2021/2/16,1356,668,63,0.04642593957258659,0.09417040358744394,0.4922623434045689
366,2021/2/17,1362,658,40,0.029347028613352897,0.06069802731411229,0.4827586206896552
367,2021/2/18,962,644,63,0.06542056074766354,0.09767441860465116,0.6687435098650052
368,2021/2/19,1304,607,87,0.06666666666666667,0.14309210526315788,0.46513409961685825
369,2021/2/20,1444,564,94,0.06505190311418685,0.1663716814159292,0.3903114186851211
370,2021/2/21,1541,547,78,0.05058365758754864,0.14233576642335766,0.3547341115434501
371,2021/2/22,1281,526,59,0.046021840873634944,0.11195445920303605,0.41029641185647425
372,2021/2/23,1229,511,84,0.06829268292682927,0.1640625,0.41544715447154473
373,2021/2/24,1032,510,57,0.05517909002904162,0.11154598825831702,0.4937076476282672
374,2021/2/25,739,491,55,0.07432432432432433,0.11178861788617886,0.6635135135135135
375,2021/2/26,1083,487,55,0.0507380073800738,0.11270491803278689,0.4492619926199262
376,2021/2/27,926,472,63,0.06796116504854369,0.1331923890063425,0.5091693635382956
377,2021/2/28,1075,457,75,0.06970260223048327,0.16375545851528384,0.4247211895910781
378,2021/3/1,1059,440,85,0.08018867924528301,0.1927437641723356,0.41509433962264153
379,2021/3/2,1208,434,53,0.043837882547559964,0.12183908045977011,0.358974358974359
380,2021/3/3,994,436,27,0.027135678391959798,0.06178489702517163,0.4381909547738693
381,2021/3/4,685,413,46,0.06705539358600583,0.1111111111111111,0.6020408163265306
382,2021/3/5,887,407,51,0.057432432432432436,0.125,0.4583333333333333
383,2021/3/6,1241,398,68,0.05475040257648953,0.17042606516290726,0.32045088566827695
384,2021/3/7,1168,388,67,0.05731394354148845,0.17223650385604114,0.3319076133447391
385,2021/3/8,1146,375,59,0.05143853530950305,0.15691489361702127,0.3269398430688753
386,2021/3/9,1048,373,49,0.04671115347950429,0.13101604278074866,0.3555767397521449
387,2021/3/10,1062,380,26,0.024459078080903106,0.06824146981627296,0.35747883349012227
388,2021/3/11,599,381,46,0.07666666666666666,0.12041884816753927,0.635
389,2021/3/12,1126,364,54,0.04791481810115351,0.14794520547945206,0.32298136645962733
390,2021/3/13,1312,354,49,0.037319116527037316,0.13802816901408452,0.26961157654226964
391,2021/3/14,1316,354,49,0.03720577069096431,0.13802816901408452,0.26879271070615035
392,2021/3/15,1268,337,58,0.045705279747832936,0.17159763313609466,0.26556343577620173
393,2021/3/16,1316,328,51,0.0387243735763098,0.15501519756838905,0.24905087319665908
394,2021/3/17,984,327,30,0.030456852791878174,0.09146341463414634,0.3319796954314721
395,2021/3/18,688,337,32,0.04644412191582003,0.09467455621301775,0.48911465892597966
396,2021/3/19,1130,335,56,0.04951370468611848,0.16666666666666666,0.29619805481874445
397,2021/3/20,1522,325,39,0.025607353906762966,0.1196319018404908,0.21339461588969139
398,2021/3/21,1492,330,41,0.027461486939048894,0.12386706948640483,0.22103148024112526
399,2021/3/22,1453,332,32,0.02200825309491059,0.0960960960960961,0.22833562585969738
400,2021/3/23,1516,324,22,0.014502307185234015,0.06769230769230769,0.21357943309162822
401,2021/3/24,1110,324,23,0.020702070207020702,0.07076923076923076,0.29162916291629165
402,2021/3/25,812,320,26,0.03198031980319803,0.08099688473520249,0.3936039360393604
403,2021/3/26,1487,328,47,0.031586021505376344,0.14285714285714285,0.22043010752688172
404,2021/3/27,1924,325,30,0.015584415584415584,0.09202453987730061,0.16883116883116883
405,2021/3/28,1910,323,29,0.015175300889586603,0.08950617283950617,0.16902145473574046
406,2021/3/29,2013,331,31,0.015392254220456803,0.09337349397590361,0.1643495531281033
407,2021/3/30,2025,341,32,0.01579466929911155,0.0935672514619883,0.16831194471865746
408,2021/3/31,1753,342,30,0.01710376282782212,0.08746355685131195,0.1949828962371722
409,2021/4/1,1300,368,25,0.01921598770176787,0.06775067750677506,0.2828593389700231
410,2021/4/2,2077,382,27,0.012993262752646775,0.07049608355091384,0.18383060635226178
411,2021/4/3,2831,380,49,0.01730225988700565,0.12860892388451445,0.134180790960452
412,2021/4/4,2595,394,23,0.008859784283513097,0.05822784810126582,0.1517719568567026
413,2021/4/5,2741,408,28,0.010211524434719184,0.06845965770171149,0.1487964989059081
414,2021/4/6,2753,431,8,0.002904865649963689,0.018518518518518517,0.15649963689179375
415,2021/4/7,2451,445,10,0.004078303425774877,0.02242152466367713,0.18148450244698205
416,2021/4/8,1554,451,18,0.01157556270096463,0.03982300884955752,0.290032154340836
417,2021/4/9,2635,456,30,0.011380880121396054,0.06564551422319474,0.17298937784522003
418,2021/4/10,3456,464,22,0.006363899334683252,0.047311827956989246,0.1342204223315013
419,2021/4/11,3405,483,33,0.009688784497944804,0.06818181818181818,0.14180857310628303
420,2021/4/12,3467,511,19,0.005478662053056517,0.037109375,0.14734717416378315
421,2021/4/13,3630,520,29,0.007986780501239328,0.05566218809980806,0.14321123657394658
422,2021/4/14,2758,563,18,0.006524102935846321,0.031914893617021274,0.20405944182674882
423,2021/4/15,2094,596,25,0.011933174224343675,0.04187604690117253,0.2844868735083532
424,2021/4/16,3444,608,44,0.012772133526850507,0.0722495894909688,0.1764876632801161
425,2021/4/17,4302,631,31,0.007204276086451313,0.0490506329113924,0.14664187775970253
426,2021/4/18,4570,670,38,0.008313279369940932,0.05663189269746647,0.14657624152264276
427,2021/4/19,4519,702,46,0.010176991150442478,0.06543385490753911,0.15530973451327434
428,2021/4/20,4722,723,38,0.008045733643870422,0.052486187845303865,0.15308066906627144
429,2021/4/21,4032,738,19,0.004711133151500124,0.02571041948579161,0.18299032977932062
430,2021/4/22,2893,769,30,0.010366275051831375,0.03896103896103896,0.2657221838286109
431,2021/4/23,4328,791,39,0.009009009009009009,0.04924242424242424,0.18272118272118273
432,2021/4/24,5280,805,54,0.010225336110585117,0.06699751861042183,0.152433251278167
433,2021/4/25,5452,816,36,0.006601870529983496,0.044063647490820076,0.1496423986796259
434,2021/4/26,5094,837,54,0.010598626104023552,0.06443914081145585,0.16427870461236507
435,2021/4/27,5433,864,59,0.010857563489142437,0.06820809248554913,0.1589988958410011
436,2021/4/28,4434,898,59,0.013303269447576099,0.06562847608453838,0.2024802705749718
437,2021/4/29,3303,916,32,0.009685230024213076,0.03489640130861505,0.2772397094430993
438,2021/4/30,4958,953,51,0.0102843315184513,0.05345911949685535,0.1921758419036096
439,2021/5/1,5788,951,52,0.00898255311798238,0.0546218487394958,0.16427707721540855
440,2021/5/2,5727,978,87,0.01518854748603352,0.0888661899897855,0.17074022346368714
441,2021/5/3,4658,1020,35,0.007512341704228375,0.034280117531831536,0.2189311010946555
442,2021/5/4,5813,1050,67,0.01152390780873753,0.06374881065651761,0.18059855521155832
443,2021/5/5,5589,1084,65,0.011627906976744186,0.059907834101382486,0.19391771019677997
444,2021/5/6,4458,1083,58,0.013007400762502803,0.05350553505535055,0.24287956941018166
445,2021/5/7,4072,1114,50,0.012275963663147557,0.04484304932735426,0.2735084704149276
446,2021/5/8,3884,1098,47,0.012097812097812098,0.042766151046405826,0.28262548262548265
447,2021/5/9,4315,1131,72,0.016682113067655237,0.0636042402826855,0.2620481927710843
448,2021/5/10,6032,1131,113,0.01873031659207691,0.09982332155477032,0.18746892093485829
449,2021/5/11,6985,1144,121,0.017320354995705698,0.1056768558951965,0.16375608359576296
450,2021/5/12,6243,1152,53,0.008488148622677771,0.04596704249783174,0.18449711723254325
451,2021/5/13,4925,1176,65,0.01319529029638652,0.055225148683092605,0.2387332521315469
452,2021/5/14,6238,1189,123,0.019714697868248116,0.10336134453781512,0.19057541272639847
453,2021/5/15,7057,1214,101,0.014310002833663928,0.0831275720164609,0.17200340039671294
454,2021/5/16,6867,1209,90,0.013104251601630751,0.0743801652892562,0.1760337798485731
455,2021/5/17,6269,1231,110,0.017543859649122806,0.08928571428571429,0.1963317384370016
456,2021/5/18,6420,1223,98,0.015262420183771998,0.08006535947712418,0.19046877433421586
457,2021/5/19,5247,1227,45,0.00857469512195122,0.03664495114006515,0.23380335365853658
458,2021/5/20,3677,1235,83,0.022566612289287656,0.06715210355987054,0.33578031538879827
459,2021/5/21,5229,1293,260,0.0497131931166348,0.2009273570324575,0.24722753346080306
460,2021/5/22,5811,1288,89,0.015313145216792843,0.06904577191621412,0.22161046111493463
461,2021/5/23,5711,1294,106,0.018557422969187675,0.08185328185328185,0.2265406162464986
462,2021/5/24,5251,1303,106,0.020182787509520184,0.08128834355828221,0.2480959634424981
463,2021/5/25,5034,1304,84,0.016683217477656404,0.06436781609195402,0.258987090367428
464,2021/5/26,4035,1300,76,0.018830525272547076,0.05841660261337433,0.32210109018830524
465,2021/5/27,2711,1294,86,0.03171091445427729,0.06640926640926641,0.4771386430678466
466,2021/5/28,3898,1413,99,0.02539112592972557,0.07001414427157002,0.3624006155424468
467,2021/5/29,4526,1371,104,0.022973271482217804,0.07580174927113703,0.3028495692511597
468,2021/5/30,4131,1375,113,0.02734753146176186,0.08212209302325581,0.33276863504356247
469,2021/5/31,3706,1383,105,0.0283247909360669,0.07586705202312138,0.3730779606150526
470,2021/6/1,3591,1347,101,0.02811804008908686,0.07492581602373888,0.375
471,2021/6/2,2876,1349,47,0.016336461591936045,0.03481481481481481,0.46889120611748347
472,2021/6/3,1786,1323,81,0.045327364297705654,0.06117824773413897,0.7403469501958589
473,2021/6/4,2640,1284,92,0.03483528966300644,0.0715953307392996,0.48617947747065504
474,2021/6/5,3030,1227,105,0.03464203233256351,0.08550488599348534,0.4048168921148136
475,2021/6/6,2825,1198,119,0.04210898796886058,0.09924937447873228,0.42392073602264685
476,2021/6/7,2586,1157,85,0.032856590645535366,0.07340241796200346,0.4472361809045226
477,2021/6/8,2648,1131,74,0.027935069837674593,0.06537102473498234,0.4269535673839185
478,2021/6/9,2017,1120,51,0.02527254707631318,0.045495093666369314,0.5550049554013875
479,2021/6/10,1276,1099,71,0.05559906029757244,0.06454545454545454,0.860610806577917
